name,city,location_source,source_url,instagram_handle,notes
2orNowt,Leeds,"SoundCloud city + residency at Bar Fibre / Mission (Tunnel)",https://soundcloud.com/2ornowt,,duo (Lewy & Cam)
LOCKT,Leeds,SoundCloud city + bio,https://soundcloud.com/lockt1forty,,bio tags @1FortyProject (his events brand - not his personal account)
landline1010,Leeds,SoundCloud city,https://soundcloud.com/landline1010,,
Mark Holliday,Leeds,SoundCloud city + bio,https://soundcloud.com/mark-holliday,,
Deacon,Leeds,SoundCloud/Mixcloud bio,https://soundcloud.com/djdeacon,,
Jordan Plant,Leeds,"Mixcloud bio + residency at MiNT (Teknicolor)",https://www.mixcloud.com/jordan-plant/,,
LD50,Leeds,SoundCloud city + bio,https://soundcloud.com/ld50,,also promoter for Central Beatz
König,Leeds,Mixcloud bio,https://www.mixcloud.com/Fall/,,
Eastyy,Leeds,Mixcloud bio,https://www.mixcloud.com/Eastyy/,,
DJ J-Steppa,Leeds,Mixcloud bio (show on Fresh FM Leeds),https://www.mixcloud.com/Jsteppa/,,
Danny Hartley,Leeds,Mixcloud bio,https://www.mixcloud.com/dannyhartley/,,
Dave Newsome,Leeds,Mixcloud bio,https://www.mixcloud.com/davenewsome96/,,
DJ SA,Leeds,Mixcloud bio,https://www.mixcloud.com/ben-sa/,,
Symetrik,Leeds,Mixcloud bio,https://www.mixcloud.com/arkadedjs/,,duo (Luke & Liam)
Downtown Science,Leeds,Mixcloud bio,https://www.mixcloud.com/DowntownScience/,,check it is a DJ duo and not a wider collective
Will Ems,Leeds,Mixcloud bio (based near Leeds),https://www.mixcloud.com/WillEmsley1996/,,
Ruby Fury,Leeds,Mixcloud bio,https://www.mixcloud.com/ruby-ace-lily-fury/,,
Yann Langdon (Yannage),Leeds,Mixcloud bio,https://www.mixcloud.com/yannlangdon/,,
Matt Stylux,Leeds,"Mixcloud bio + residency at Dirty Secretz",https://www.mixcloud.com/matt-stylux/,,
Jason 'Shock' Taylor,Leeds,Mixcloud bio,https://www.mixcloud.com/shockdj/,,
DrummieDave,York,Mixcloud bio,https://www.mixcloud.com/drummiedave/,,his crew account is @tropicayork (not personal)
JDEEP,York,"Mixcloud bio (residency at SESSIONS, York)",https://www.mixcloud.com/josh-downes/,,
BWSR,York,Mixcloud bio (residencies in York and Leeds),https://www.mixcloud.com/BWSR_Official/,,
